name,power,area,delay
mul8_146,165.20000000000002,215.280003,0.67016
mul8_116,183.5,244.452004,0.72304
mul8_127,156.4,202.332003,0.63839
mul8_80,172.0,234.624004,0.68236
mul8_94,166.9,219.024004,0.67813
mul8_54,161.0,209.976004,0.67412
mul8_22,156.4,206.388004,0.60756
mul8_132,158.6,205.764003,0.67016
mul8_98,162.39999999999998,206.232003,0.61637
mul8_0,165.8,217.776004,0.63796
mul8_24,160.5,209.196004,0.62976
mul8_107,155.70000000000002,201.864003,0.65996
mul8_112,165.3,217.776004,0.66292
mul8_8,149.4,201.864003,0.611
mul8_151,178.0,239.304004,0.75005
mul8_67,154.6,203.736004,0.60772
mul8_33,159.6,209.664004,0.62976
mul8_57,179.7,242.892004,0.69817
mul8_37,159.5,209.196004,0.6352
mul8_113,173.7,238.992004,0.72624
mul8_99,165.6,221.520004,0.63409
mul8_60,160.1,210.132004,0.65731
mul8_55,159.1,204.360004,0.63579
mul8_121,162.39999999999998,213.564004,0.65917
mul8_105,159.1,203.112003,0.60763
mul8_139,163.3,213.096004,0.64776
mul8_109,156.6,204.516004,0.62923
mul8_138,157.4,204.672004,0.6496
mul8_148,158.4,209.976004,0.6352
mul8_120,159.8,209.976004,0.62977
mul8_52,162.6,211.224004,0.64219
mul8_20,160.39999999999998,208.728004,0.6352
mul8_64,156.79999999999998,203.112004,0.60972
mul8_95,156.1,203.892004,0.60747
mul8_40,152.60000000000002,202.956003,0.60785
mul8_136,160.20000000000002,205.296003,0.61726
mul8_78,166.1,215.124004,0.66092
mul8_44,155.20000000000002,203.112004,0.64144
mul8_91,154.1,205.452004,0.61774
mul8_51,159.20000000000002,208.728004,0.63504
mul8_147,164.8,216.372003,0.66714
mul8_41,156.5,205.920004,0.60756
mul8_77,164.5,227.760004,0.64132
mul8_97,158.20000000000002,209.508004,0.62976
mul8_118,157.79999999999998,206.856004,0.63284
mul8_126,154.5,204.204004,0.64154
mul8_58,171.4,231.348003,0.67804
mul8_145,159.39999999999998,205.608004,0.65179
mul8_48,167.4,238.212003,0.6664
mul8_25,163.89999999999998,212.628004,0.65399
mul8_93,167.0,220.584004,0.66656
mul8_2,159.20000000000002,204.360004,0.63151
mul8_117,155.0,203.892004,0.60772
mul8_45,162.5,208.884004,0.61634
mul8_74,171.6,234.156004,0.67274
mul8_66,171.4,233.688004,0.67212
mul8_38,158.0,207.324003,0.62257
mul8_129,173.0,233.376004,0.68063
mul8_104,165.3,216.684004,0.64901
mul8_69,172.6,232.908004,0.6664
mul8_14,168.4,221.052004,0.66461
mul8_111,156.79999999999998,205.140004,0.63037
mul8_31,156.9,206.076004,0.60756
mul8_133,156.29999999999998,201.396004,0.59828
mul8_101,155.6,204.048004,0.62792
mul8_75,172.5,235.092004,0.66764
mul8_88,156.9,207.480003,0.62257
mul8_46,161.70000000000002,211.692004,0.64219
mul8_102,166.8,233.220004,0.65763
mul8_36,164.6,237.276004,0.6603
mul8_110,160.1,210.444004,0.66469
mul8_122,165.0,214.500003,0.66358
mul8_150,164.3,224.172004,0.66799
mul8_35,158.0,202.644003,0.60479
mul8_50,164.1,222.300003,0.6676
mul8_106,156.0,202.020003,0.65996
mul8_86,164.89999999999998,216.372004,0.66122
mul8_34,155.1,204.360004,0.61765
mul8_29,157.1,205.452004,0.62062
mul8_26,159.5,210.288004,0.66322
mul8_71,165.3,212.784004,0.63521
mul8_10,163.70000000000002,212.784004,0.66871
mul8_100,159.8,205.764004,0.62789
mul8_123,156.5,205.140004,0.64849
mul8_134,171.1,230.880003,0.63357
mul8_13,163.6,222.612004,0.6744
mul8_30,175.7,240.084004,0.67121
mul8_3,156.29999999999998,201.708003,0.63627
mul8_149,163.39999999999998,205.452003,0.6404
mul8_103,157.6,202.488004,0.60195
mul8_128,171.2,223.704004,0.6728
mul8_6,160.0,203.268004,0.61464
mul8_130,157.20000000000002,207.636003,0.62257
mul8_53,160.70000000000002,207.636003,0.62012
mul8_83,157.6,204.516003,0.60571
mul8_141,164.3,227.604004,0.64143
mul8_32,164.1,228.384003,0.66262
mul8_124,177.8,241.332004,0.75406
mul8_59,164.89999999999998,206.856003,0.65014
mul8_142,169.0,234.624004,0.6479
mul8_140,154.9,204.360004,0.64154
mul8_1,168.0,226.980004,0.67322
mul8_125,160.8,203.268003,0.63208
mul8_61,168.8,226.980004,0.65335
mul8_62,154.0,204.204004,0.61501
mul8_65,158.70000000000002,205.452004,0.61464
mul8_90,155.79999999999998,204.360004,0.61505
mul8_143,160.20000000000002,204.048003,0.62806
mul8_76,164.5,224.952004,0.65542
mul8_19,155.79999999999998,204.828004,0.62792
mul8_7,170.2,231.504003,0.65254
mul8_82,166.1,230.100004,0.66341
mul8_18,155.20000000000002,204.672004,0.62792
mul8_28,169.9,231.504004,0.74945
mul8_135,177.2,240.552004,0.73298
mul8_23,183.0,245.388005,0.71641
mul8_47,164.1,211.068004,0.67921
mul8_87,159.8,208.884004,0.63651
mul8_15,161.20000000000002,212.004004,0.6653
mul8_137,156.29999999999998,202.488003,0.65997
mul8_115,164.20000000000002,227.604004,0.64143
mul8_144,164.3,213.720004,0.63796
mul8_21,160.70000000000002,203.736003,0.61293
mul8_92,166.4,231.972004,0.66401
mul8_43,154.79999999999998,204.984004,0.6248
mul8_131,157.20000000000002,200.928004,0.59835
mul8_114,163.39999999999998,216.684003,0.67153
mul8_85,159.70000000000002,205.764004,0.62978
mul8_42,160.5,209.196004,0.62976
mul8_39,166.4,231.816004,0.6479
mul8_4,175.2,236.340004,0.72693
mul8_17,159.5,205.452003,0.64869
mul8_108,164.0,216.840004,0.64189
mul8_96,153.5,202.800004,0.65889
mul8_119,167.9,218.088004,0.66008
mul8_84,160.1,210.132004,0.65731
mul8_16,172.4,228.072004,0.68096
mul8_12,166.4,218.400004,0.66709
mul8_5,162.8,205.608003,0.66196
mul8_79,162.0,212.472004,0.65759
mul8_81,155.79999999999998,203.736004,0.60747
mul8_11,157.1,203.892004,0.60753
mul8_68,183.9,244.764004,0.74822
mul8_89,159.3,205.608003,0.67238
mul8_49,164.39999999999998,226.824004,0.64209
mul8_63,154.4,204.360004,0.61501
mul8_73,160.39999999999998,207.168004,0.62788
mul8_70,172.5,236.808004,0.70365
mul8_56,169.2,230.412003,0.65514
mul8_72,170.3,232.908004,0.64892
mul8_27,166.1,223.080004,0.64557
mul8_9,174.7,235.872004,0.68924
